{"train_loss": 0.00027055275859311223, "train_acc": 1.0, "_runtime": 5218, "_timestamp": 1644514350, "_step": 5347, "val_loss": 0.21573184430599213, "val_acc": 0.9539473652839661, "test_loss": 0.5044026374816895, "test_acc": 0.8994012475013733, "_wandb": {"runtime": 5221}}