{"train_loss": 0.0011190720833837986, "train_acc": 1.0, "_runtime": 1354, "_timestamp": 1644400484, "_step": 3064, "val_loss": 0.4777141809463501, "val_acc": 0.90625, "test_loss": 0.20947502553462982, "test_acc": 0.9375}