{"train_loss": 0.025379158556461334, "train_acc": 1.0, "_runtime": 3090, "_timestamp": 1645028612, "_step": 5099, "val_loss": 0.16211862862110138, "val_acc": 0.9488189220428467, "test_loss": 0.25302353501319885, "test_acc": 0.9399999976158142}