{"train_loss": 0.00043291866313666105, "train_acc": 1.0, "_runtime": 5876, "_timestamp": 1644576795, "_step": 6111, "val_loss": 0.21801157295703888, "val_acc": 0.9496710300445557, "test_loss": 0.4967809021472931, "test_acc": 0.8996062874794006, "_wandb": {"runtime": 5877}}