{"train_loss": 0.0008558867266401649, "train_acc": 1.0, "_runtime": 13769, "_timestamp": 1644932012, "_step": 12207, "val_loss": 0.2882637679576874, "val_acc": 0.9397965669631958, "test_loss": 0.4041595757007599, "test_acc": 0.9186761975288391, "_wandb": {"runtime": 13771}}