{"val_loss": 0.3151443898677826, "val_acc": 0.84375, "_runtime": 450, "_timestamp": 1644398214, "_step": 951, "_wandb": {"runtime": 452}}