{"val_loss": 2.3624281883239746, "val_acc": 0.84375, "_runtime": 124, "_timestamp": 1644397613, "_step": 27}