{"train_loss": 0.010049719363451004, "train_acc": 1.0, "_runtime": 462, "_timestamp": 1644496504, "_step": 762, "val_loss": 0.16950608789920807, "val_acc": 0.9375}