{"train_loss": 0.1174970343708992, "train_acc": 0.96875, "_runtime": 32, "_timestamp": 1644503022, "_step": 47}