{"train_loss": 0.0004674036172218621, "train_acc": 1.0, "_runtime": 18308, "_timestamp": 1645281816, "_step": 29433, "val_loss": 1.7340235710144043, "val_acc": 0.9069882035255432, "test_loss": 3.3351023197174072, "test_acc": 0.8374999761581421, "_wandb": {"runtime": 18310}}