{"train_loss": 2.8009345531463623, "train_acc": 0.875, "_runtime": 1141, "_timestamp": 1645263458, "_step": 2018, "val_loss": 3.727844715118408, "val_acc": 0.7985564470291138, "test_loss": 8.14313793182373, "test_acc": 0.6424999833106995}