{"train_loss": 5.5030012130737305, "train_acc": 0.8125, "_runtime": 1165, "_timestamp": 1645263482, "_step": 2062, "val_loss": 3.727844715118408, "val_acc": 0.7985564470291138, "test_loss": 8.14313793182373, "test_acc": 0.6424999833106995}