{"train_loss": 0.04044212028384209, "train_acc": 1.0, "_runtime": 1303, "_timestamp": 1645025252, "_step": 1651, "val_loss": 0.2697194218635559, "val_acc": 0.9247047305107117, "test_loss": 0.5202797055244446, "test_acc": 0.8676590919494629}