{"train_loss": 0.34672483801841736, "train_acc": 0.875, "_runtime": 760, "_timestamp": 1645024709, "_step": 1524, "val_loss": 0.2697194218635559, "val_acc": 0.9247047305107117}