{"train_loss": 0.5519033670425415, "train_acc": 0.875, "_runtime": 1146, "_timestamp": 1645258195, "_step": 1978, "val_loss": 1.5413709878921509, "val_acc": 0.8038057684898376, "test_loss": 2.602969169616699, "test_acc": 0.6825000047683716}