{"train_loss": 0.14656950533390045, "train_acc": 0.9375, "_runtime": 4513, "_timestamp": 1645261562, "_step": 7629, "val_loss": 0.9266615509986877, "val_acc": 0.8920603394508362, "test_loss": 1.6573268175125122, "test_acc": 0.8125, "_wandb": {"runtime": 4515}}