{"train_loss": 1.0590633153915405, "train_acc": 0.8125, "_runtime": 1102, "_timestamp": 1645258151, "_step": 1897, "val_loss": 1.5413709878921509, "val_acc": 0.8038057684898376, "test_loss": 2.602969169616699, "test_acc": 0.6825000047683716}