{"train_loss": 8.709468238521367e-05, "train_acc": 1.0, "_runtime": 36555, "_timestamp": 1645065219, "_step": 68818, "val_loss": 0.276906818151474, "val_acc": 0.9478346705436707, "test_loss": 0.5379025936126709, "test_acc": 0.925000011920929}